timestamp,run_id,test_type,application,operation_id,operation_name,pressure_target_gib,pressure_actual_bytes,pressure_actual_anon_bytes,pressure_actual_file_bytes,pressure_swap_bytes,pressure_stable,page_size_bytes,cgroup_path,pressure_cgroup_path,kernel_version,collector_version,window_start,window_end,actual_window_ms,sample_count,ebpf_sample_count,operation_status,data_quality_status,wss_referenced_total_bytes,wss_referenced_anon_bytes,wss_referenced_file_bytes,wss_referenced_shmem_bytes,wss_referenced_other_bytes,wss_referenced_unknown_bytes,wss_reconciliation_error_bytes,wss_unknown_ratio,wss_collection_cost_us,wss_pid_read_failures,wss_split_method,real_wss_total_bytes,real_wss_anon_bytes,real_wss_file_bytes,real_wss_shmem_bytes,real_wss_other_bytes,real_wss_unknown_bytes,real_wss_reconciliation_error_bytes,real_wss_unknown_ratio,real_wss_mixed_file_vma_count,real_wss_t0_pid_count,real_wss_cleared_t0_pid_count,real_wss_cleared_t0_pids,real_wss_missing_after_window_pid_count,real_wss_missing_after_window_pids,real_wss_t1_pid_count,real_wss_new_t1_pid_count,real_wss_new_t1_pids_excluded,real_wss_quality_status,real_wss_ordering_ok,real_wss_clear_start_ns,real_wss_clear_end_ns,real_wss_trigger_start_ns,real_wss_trigger_end_ns,real_wss_read_start_ns,real_wss_read_end_ns,real_wss_collection_cost_us,real_wss_measurement_method,real_wss_split_method,real_wss_semantics,real_wss_split_semantics,rss_total_bytes,rss_anon_bytes,rss_file_bytes,rss_shmem_bytes,rss_statm_bytes,rss_reconciliation_error_bytes,rss_process_count,rss_pid_read_failures,rss_collection_cost_us,cgroup_memory_current_bytes,cgroup_memory_anon_bytes,cgroup_memory_file_bytes,cgroup_memory_shmem_bytes,page_fault_total_count,page_fault_anon_handler_count,page_fault_file_handler_count,page_fault_wp_handler_count,page_fault_shmem_handler_count,anon_file_handler_sum,anon_file_vs_total_ratio,anon_handler_vs_total_ratio,file_handler_vs_total_ratio,page_fault_anon_count,page_fault_file_count,page_fault_shmem_count,page_fault_cow_count,page_fault_swap_count,page_fault_other_count,page_fault_unknown_count,page_fault_retry_or_duplicate_count,page_fault_lost_event_count,page_fault_lost_event_basis,page_fault_classification_status,page_fault_basepage_equivalent_bytes,page_fault_total_4k_equivalent_bytes,page_fault_anon_handler_4k_equivalent_bytes,page_fault_file_handler_4k_equivalent_bytes,memory_stat_pgfault_delta,proc_minor_fault_delta,proc_major_fault_delta,collector_cpu_ms,collector_read_cost_us_mean,collector_read_cost_us_max,sample_collection_cost_us_mean,sample_collection_cost_us_max,system_mem_available_bytes,system_swap_free_bytes,system_psi_some_avg10,system_psi_full_avg10,clear_refs_error_count,smaps_error_count,bpf_timestamps_monotonic,collector_returncode,raw_source_path,sample_source_path,notes,round,raw_dir,collector_invocation_returncode,collector_stdout_path,collector_stderr_path,operation_start,operation_start_ns,operation_end,operation_end_ns,operation_duration_ms,operation_marker_status,operation_marker_error,postcondition_result,real_wss_checks,real_wss_failed_checks,real_wss_validation_status
1790572492810013102,real-wss-18-20260928-131357-round1-REP001,REAL_WSS_18_SINGLE_RUN,PPT,REP001,打开大型PPT演示文稿,0,,,,,,4096,/sys/fs/cgroup/app-wss/real-wss-18-real-wss-18-20260928-131357-round1,,6.17.13-myks-l02-wspred-0903,phase8-handler-path-v1+real-wss-split-v1,4219394663683,4224399844099,5005.180416,10,10,PASS,PASS,879726592,494915584,360796160,23658496,45056,311296,0,0.0003538553941995651,129581,0,VMA_AND_RESIDENCY_ASSISTED_APPROXIMATION,136863744,32321536,92434432,12009472,36864,61440,0,0.000448913629017777,12,9,9,"[6934, 6942, 6964, 6978, 7016, 7018, 7100, 7135, 7225]",0,[],10,1,[7289],PASS,True,4219327379176,4219394663132,4219395058377,4220484256731,4224401454578,4224531041748,129581,T0_CLEAR_REFS_1_THEN_POST_WINDOW_SMAPS_REFERENCED,SMAPS_REFERENCED_WITH_VMA_AND_RESIDENCY_ASSISTED_CLASSIFICATION,MEASURED_REFERENCED_WINDOW_PROXY_NOT_DIRECT_PTE_GROUND_TRUTH,ANON_FILE_SPLIT_IS_VMA_CLASSIFICATION; MIXED_FILE_COW_CAN_BE_UNKNOWN,1492748697.6,449466368.0,1024782745.6,18499584.0,1492753203.2,0.0,9.7,0.0,1924.3,501764915.2,437571993.6,49177804.8,18629427.2,110946,108617,3587,4587,3453,112204,1.011338849530402,0.9790078055991203,0.03233104393128188,,,,,,,,,0,PERCPU_ARRAY_NO_EVENT_STREAM,HANDLER_PATH_OBSERVATION_NOT_EXACT_TYPE,454434816,454434816,444895232,14692352,114237.0,113992.0,113.0,0.0,438.51009999999997,834.16,3180.7,4459.0,14420446412.8,2147479552.0,0.0,0.0,0,0,True,0,runs/real_wss_18_single/real-wss-18-20260928-131357/operations/REP001/lightweight_features_v2.csv,runs/real_wss_18_single/real-wss-18-20260928-131357/operations/REP001/phase8_samples.csv,"PageFault Anon/File are handler-path counts, not an exact partition of Total. real_wss_* uses clear_refs=1 before the operation and post-window smaps Referenced. real_wss_anon/file are separately reported but the split is VMA/residency-assisted, not direct per-PTE page-type ground truth.",1,runs/real_wss_18_single/real-wss-18-20260928-131357/operations/REP001,0,runs/real_wss_18_single/real-wss-18-20260928-131357/operations/REP001_collector.stdout.log,runs/real_wss_18_single/real-wss-18-20260928-131357/operations/REP001_collector.stderr.log,2026-09-28T05:14:47.836061+00:00,1790572487836058917,2026-09-28T05:14:48.885385+00:00,1790572488885377821,1049.318904,PASS,,phase9_ppt.pptx - WPS Office,"{""collector_exit"": true, ""marker_complete"": true, ""old_collector_quality"": true, ""old_metrics_retained"": true, ""operation_success"": true, ""ordering_ok"": true, ""postcondition"": true, ""real_clear_complete"": true, ""real_metrics_present"": true, ""real_quality_pass"": true, ""real_smaps_complete"": true}",,PASS
1790572503476256867,real-wss-18-20260928-131357-round1-REP002,REAL_WSS_18_SINGLE_RUN,PPT,REP002,PPT页面代表性导航,0,,,,,,4096,/sys/fs/cgroup/app-wss/real-wss-18-real-wss-18-20260928-131357-round1,,6.17.13-myks-l02-wspred-0903,phase8-handler-path-v1+real-wss-split-v1,4230060256004,4235066087944,5005.83194,10,10,PASS,PASS,165253120,97751040,56946688,10428416,40960,86016,0,0.0005205105961085636,131671,0,VMA_AND_RESIDENCY_ASSISTED_APPROXIMATION,165253120,97751040,56946688,10428416,40960,86016,0,0.0005205105961085636,15,10,10,"[6934, 6942, 6964, 6978, 7016, 7018, 7100, 7135, 7225, 7289]",0,[],10,0,[],PASS,True,4229964743282,4230060255323,4230060673731,4230490648411,4235067058008,4235198734089,131671,T0_CLEAR_REFS_1_THEN_POST_WINDOW_SMAPS_REFERENCED,SMAPS_REFERENCED_WITH_VMA_AND_RESIDENCY_ASSISTED_CLASSIFICATION,MEASURED_REFERENCED_WINDOW_PROXY_NOT_DIRECT_PTE_GROUND_TRUTH,ANON_FILE_SPLIT_IS_VMA_CLASSIFICATION; MIXED_FILE_COW_CAN_BE_UNKNOWN,2024969011.2,779129651.2,1222004736.0,23834624.0,2024969011.2,0.0,10.0,0.0,2454.7,1030572851.2,767181619.2,244867072.0,23957504.0,2456,2448,0,3,0,2448,0.996742671009772,0.996742671009772,0.0,,,,,,,,,0,PERCPU_ARRAY_NO_EVENT_STREAM,HANDLER_PATH_OBSERVATION_NOT_EXACT_TYPE,10059776,10059776,10027008,0,2456.0,2453.0,0.0,0.0,452.7626,880.226,3871.4,6821.0,14092161433.6,2147479552.0,0.0,0.0,0,0,True,0,runs/real_wss_18_single/real-wss-18-20260928-131357/operations/REP002/lightweight_features_v2.csv,runs/real_wss_18_single/real-wss-18-20260928-131357/operations/REP002/phase8_samples.csv,"PageFault Anon/File are handler-path counts, not an exact partition of Total. real_wss_* uses clear_refs=1 before the operation and post-window smaps Referenced. real_wss_anon/file are separately reported but the split is VMA/residency-assisted, not direct per-PTE page-type ground truth.",1,runs/real_wss_18_single/real-wss-18-20260928-131357/operations/REP002,0,runs/real_wss_18_single/real-wss-18-20260928-131357/operations/REP002_collector.stdout.log,runs/real_wss_18_single/real-wss-18-20260928-131357/operations/REP002_collector.stderr.log,2026-09-28T05:14:58.523294+00:00,1790572498523291890,2026-09-28T05:14:58.895053+00:00,1790572498895046023,371.754133,PASS,,not_required,"{""collector_exit"": true, ""marker_complete"": true, ""old_collector_quality"": true, ""old_metrics_retained"": true, ""operation_success"": true, ""ordering_ok"": true, ""postcondition"": true, ""real_clear_complete"": true, ""real_metrics_present"": true, ""real_quality_pass"": true, ""real_smaps_complete"": true}",,PASS
1790572511001590612,real-wss-18-20260928-131357-round1-REP003,REAL_WSS_18_SINGLE_RUN,PPT,REP003,PPT放映会话,0,,,,,,4096,/sys/fs/cgroup/app-wss/real-wss-18-real-wss-18-20260928-131357-round1,,6.17.13-myks-l02-wspred-0903,phase8-handler-path-v1+real-wss-split-v1,4237586539232,4242591420657,5004.881425,10,10,PASS,PASS,420270080,315371520,82604032,22126592,40960,126976,0,0.0003021295258515667,111810,0,VMA_AND_RESIDENCY_ASSISTED_APPROXIMATION,420270080,315371520,82604032,22126592,40960,126976,0,0.0003021295258515667,15,10,10,"[6934, 6942, 6964, 6978, 7016, 7018, 7100, 7135, 7225, 7289]",0,[],10,0,[],PASS,True,4237502132075,4237586538761,4237587107309,4238640492024,4242593727779,4242705542102,111810,T0_CLEAR_REFS_1_THEN_POST_WINDOW_SMAPS_REFERENCED,SMAPS_REFERENCED_WITH_VMA_AND_RESIDENCY_ASSISTED_CLASSIFICATION,MEASURED_REFERENCED_WINDOW_PROXY_NOT_DIRECT_PTE_GROUND_TRUTH,ANON_FILE_SPLIT_IS_VMA_CLASSIFICATION; MIXED_FILE_COW_CAN_BE_UNKNOWN,2107360870.4,856255692.8,1226006528.0,25098649.6,2107362099.2,0.0,10.0,0.0,1944.1,1116195635.2,844334284.8,252980428.8,25221529.6,24798,21027,78,633,3086,21105,0.8510766997338495,0.8479312847810307,0.0031454149528187757,,,,,,,,,0,PERCPU_ARRAY_NO_EVENT_STREAM,HANDLER_PATH_OBSERVATION_NOT_EXACT_TYPE,101572608,101572608,86126592,319488,24781.0,24788.0,10.0,0.0,477.7509,987.608,3071.3,4072.0,13985210777.6,2147479552.0,0.0,0.0,0,0,True,0,runs/real_wss_18_single/real-wss-18-20260928-131357/operations/REP003/lightweight_features_v2.csv,runs/real_wss_18_single/real-wss-18-20260928-131357/operations/REP003/phase8_samples.csv,"PageFault Anon/File are handler-path counts, not an exact partition of Total. real_wss_* uses clear_refs=1 before the operation and post-window smaps Referenced. real_wss_anon/file are separately reported but the split is VMA/residency-assisted, not direct per-PTE page-type ground truth.",1,runs/real_wss_18_single/real-wss-18-20260928-131357/operations/REP003,0,runs/real_wss_18_single/real-wss-18-20260928-131357/operations/REP003_collector.stdout.log,runs/real_wss_18_single/real-wss-18-20260928-131357/operations/REP003_collector.stderr.log,2026-09-28T05:15:06.026265+00:00,1790572506026263514,2026-09-28T05:15:07.039997+00:00,1790572507039984186,1013.720672,PASS,,not_required,"{""collector_exit"": true, ""marker_complete"": true, ""old_collector_quality"": true, ""old_metrics_retained"": true, ""operation_success"": true, ""ordering_ok"": true, ""postcondition"": true, ""real_clear_complete"": true, ""real_metrics_present"": true, ""real_quality_pass"": true, ""real_smaps_complete"": true}",,PASS
1790572518472568981,real-wss-18-20260928-131357-round1-REP004,REAL_WSS_18_SINGLE_RUN,PPT,REP004,PPT插入文本框并输入文本,0,,,,,,4096,/sys/fs/cgroup/app-wss/real-wss-18-real-wss-18-20260928-131357-round1,,6.17.13-myks-l02-wspred-0903,phase8-handler-path-v1+real-wss-split-v1,4245061919060,4250062399847,5000.480787,10,10,PASS,PASS,262873088,60276736,190951424,11452416,40960,151552,0,0.0005765215494406183,113265,0,VMA_AND_RESIDENCY_ASSISTED_APPROXIMATION,262873088,60276736,190951424,11452416,40960,151552,0,0.0005765215494406183,15,10,10,"[6934, 6942, 6964, 6978, 7016, 7018, 7100, 7135, 7225, 7289]",0,[],10,0,[],PASS,True,4244982693824,4245061918619,4245062368046,4245813199564,4250063862274,4250177131731,113265,T0_CLEAR_REFS_1_THEN_POST_WINDOW_SMAPS_REFERENCED,SMAPS_REFERENCED_WITH_VMA_AND_RESIDENCY_ASSISTED_CLASSIFICATION,MEASURED_REFERENCED_WINDOW_PROXY_NOT_DIRECT_PTE_GROUND_TRUTH,ANON_FILE_SPLIT_IS_VMA_CLASSIFICATION; MIXED_FILE_COW_CAN_BE_UNKNOWN,2321926553.6,1053020160.0,1245071769.6,23834624.0,2321926553.6,0.0,10.3,0.0,1981.6,1211174092.8,879408742.4,311259955.2,23957504.0,25944,24872,103,15554,163,24975,0.9626503237742831,0.9586802343509097,0.00397008942337342,,,,,,,,,0,PERCPU_ARRAY_NO_EVENT_STREAM,HANDLER_PATH_OBSERVATION_NOT_EXACT_TYPE,106266624,106266624,101875712,421888,25917.0,1001.0,8.0,0.0,382.0905,656.657,3147.8,4021.0,13963864883.2,2147479552.0,0.0,0.0,0,0,True,0,runs/real_wss_18_single/real-wss-18-20260928-131357/operations/REP004/lightweight_features_v2.csv,runs/real_wss_18_single/real-wss-18-20260928-131357/operations/REP004/phase8_samples.csv,"PageFault Anon/File are handler-path counts, not an exact partition of Total. real_wss_* uses clear_refs=1 before the operation and post-window smaps Referenced. real_wss_anon/file are separately reported but the split is VMA/residency-assisted, not direct per-PTE page-type ground truth.",1,runs/real_wss_18_single/real-wss-18-20260928-131357/operations/REP004,0,runs/real_wss_18_single/real-wss-18-20260928-131357/operations/REP004_collector.stdout.log,runs/real_wss_18_single/real-wss-18-20260928-131357/operations/REP004_collector.stderr.log,2026-09-28T05:15:13.507107+00:00,1790572513507105372,2026-09-28T05:15:14.215721+00:00,1790572514215711050,708.605678,PASS,,not_required,"{""collector_exit"": true, ""marker_complete"": true, ""old_collector_quality"": true, ""old_metrics_retained"": true, ""operation_success"": true, ""ordering_ok"": true, ""postcondition"": true, ""real_clear_complete"": true, ""real_metrics_present"": true, ""real_quality_pass"": true, ""real_smaps_complete"": true}",,PASS
1790572526011927544,real-wss-18-20260928-131357-round1-REP005,REAL_WSS_18_SINGLE_RUN,PPT,REP005,保存PPT,0,,,,,,4096,/sys/fs/cgroup/app-wss/real-wss-18-real-wss-18-20260928-131357-round1,,6.17.13-myks-l02-wspred-0903,phase8-handler-path-v1+real-wss-split-v1,4252596958444,4257601758260,5004.799816,10,10,PASS,PASS,365826048,277266432,77611008,10760192,40960,147456,0,0.0004030768197238924,116288,0,VMA_AND_RESIDENCY_ASSISTED_APPROXIMATION,365826048,277266432,77611008,10760192,40960,147456,0,0.0004030768197238924,15,10,10,"[6934, 6942, 6964, 6978, 7016, 7018, 7100, 7135, 7225, 7289]",0,[],10,0,[],PASS,True,4252493849855,4252596957923,4252597497493,4252692611754,4257602804087,4257719096596,116288,T0_CLEAR_REFS_1_THEN_POST_WINDOW_SMAPS_REFERENCED,SMAPS_REFERENCED_WITH_VMA_AND_RESIDENCY_ASSISTED_CLASSIFICATION,MEASURED_REFERENCED_WINDOW_PROXY_NOT_DIRECT_PTE_GROUND_TRUTH,ANON_FILE_SPLIT_IS_VMA_CLASSIFICATION; MIXED_FILE_COW_CAN_BE_UNKNOWN,2159513190.4,897690419.2,1237988147.2,23834624.0,2159513190.4,0.0,10.0,0.0,1862.8,1797571788.8,885742387.2,875644518.4,23957504.0,26151,9253,0,16928,0,9253,0.35382968146533594,0.35382968146533594,0.0,,,,,,,,,0,PERCPU_ARRAY_NO_EVENT_STREAM,HANDLER_PATH_OBSERVATION_NOT_EXACT_TYPE,107114496,107114496,37900288,0,26188.0,26188.0,0.0,0.0,447.5063,612.675,3100.7,4632.0,13925687296.0,2147479552.0,0.0,0.0,0,0,True,0,runs/real_wss_18_single/real-wss-18-20260928-131357/operations/REP005/lightweight_features_v2.csv,runs/real_wss_18_single/real-wss-18-20260928-131357/operations/REP005/phase8_samples.csv,"PageFault Anon/File are handler-path counts, not an exact partition of Total. real_wss_* uses clear_refs=1 before the operation and post-window smaps Referenced. real_wss_anon/file are separately reported but the split is VMA/residency-assisted, not direct per-PTE page-type ground truth.",1,runs/real_wss_18_single/real-wss-18-20260928-131357/operations/REP005,0,runs/real_wss_18_single/real-wss-18-20260928-131357/operations/REP005_collector.stdout.log,runs/real_wss_18_single/real-wss-18-20260928-131357/operations/REP005_collector.stderr.log,2026-09-28T05:15:21.039965+00:00,1790572521039961526,2026-09-28T05:15:21.095631+00:00,1790572521095622806,55.66128,PASS,,not_required,"{""collector_exit"": true, ""marker_complete"": true, ""old_collector_quality"": true, ""old_metrics_retained"": true, ""operation_success"": true, ""ordering_ok"": true, ""postcondition"": true, ""real_clear_complete"": true, ""real_metrics_present"": true, ""real_quality_pass"": true, ""real_smaps_complete"": true}",,PASS
1790572533480897204,real-wss-18-20260928-131357-round1-REP006,REAL_WSS_18_SINGLE_RUN,Excel,REP006,打开大型Excel工作簿,0,,,,,,4096,/sys/fs/cgroup/app-wss/real-wss-18-real-wss-18-20260928-131357-round1,,6.17.13-myks-l02-wspred-0903,phase8-handler-path-v1+real-wss-split-v1,4260066073165,4265070728321,5004.655156,10,10,PASS,PASS,848183296,428904448,385085440,33857536,49152,286720,0,0.000338040139852035,618300,0,VMA_AND_RESIDENCY_ASSISTED_APPROXIMATION,231710720,71221248,138129408,22200320,40960,118784,0,0.0005126392080608096,15,10,10,"[6934, 6942, 6964, 6978, 7016, 7018, 7100, 7135, 7225, 7289]",0,[],11,1,[7985],PASS,True,4259984659784,4260066072584,4260066704350,4261136249698,4265071810005,4265690113556,618300,T0_CLEAR_REFS_1_THEN_POST_WINDOW_SMAPS_REFERENCED,SMAPS_REFERENCED_WITH_VMA_AND_RESIDENCY_ASSISTED_CLASSIFICATION,MEASURED_REFERENCED_WINDOW_PROXY_NOT_DIRECT_PTE_GROUND_TRUTH,ANON_FILE_SPLIT_IS_VMA_CLASSIFICATION; MIXED_FILE_COW_CAN_BE_UNKNOWN,2496272793.6,1074898124.8,1391208448.0,30166220.8,2496281804.8,0.0,11.3,0.0,2125.6,2128483532.8,1062937395.2,1024941670.4,30289510.4,156485,120886,7763,27109,3457,128649,0.8221171358277151,0.7725085471450938,0.049608588682621337,,,,,,,,,0,PERCPU_ARRAY_NO_EVENT_STREAM,HANDLER_PATH_OBSERVATION_NOT_EXACT_TYPE,640962560,640962560,495149056,31797248,167974.0,100362.0,23.0,0.0,497.1372,1650.042,3400.4,6268.0,13758281318.4,2147479552.0,0.0,0.0,0,0,True,0,runs/real_wss_18_single/real-wss-18-20260928-131357/operations/REP006/lightweight_features_v2.csv,runs/real_wss_18_single/real-wss-18-20260928-131357/operations/REP006/phase8_samples.csv,"PageFault Anon/File are handler-path counts, not an exact partition of Total. real_wss_* uses clear_refs=1 before the operation and post-window smaps Referenced. real_wss_anon/file are separately reported but the split is VMA/residency-assisted, not direct per-PTE page-type ground truth.",1,runs/real_wss_18_single/real-wss-18-20260928-131357/operations/REP006,0,runs/real_wss_18_single/real-wss-18-20260928-131357/operations/REP006_collector.stdout.log,runs/real_wss_18_single/real-wss-18-20260928-131357/operations/REP006_collector.stderr.log,2026-09-28T05:15:28.504369+00:00,1790572528504368046,2026-09-28T05:15:29.537011+00:00,1790572529537005119,1032.637073,PASS,,phase9_excel.xlsx - WPS Office,"{""collector_exit"": true, ""marker_complete"": true, ""old_collector_quality"": true, ""old_metrics_retained"": true, ""operation_success"": true, ""ordering_ok"": true, ""postcondition"": true, ""real_clear_complete"": true, ""real_metrics_present"": true, ""real_quality_pass"": true, ""real_smaps_complete"": true}",,PASS
1790572544182242611,real-wss-18-20260928-131357-round1-REP007,REAL_WSS_18_SINGLE_RUN,Excel,REP007,Excel大范围单元格导航,0,,,,,,4096,/sys/fs/cgroup/app-wss/real-wss-18-real-wss-18-20260928-131357-round1,,6.17.13-myks-l02-wspred-0903,phase8-handler-path-v1+real-wss-split-v1,4270767353194,4275772073969,5004.720775,10,10,PASS,PASS,187940864,63078400,114081792,10579968,45056,155648,0,0.0008281753988318368,137708,0,VMA_AND_RESIDENCY_ASSISTED_APPROXIMATION,187940864,63078400,114081792,10579968,45056,155648,0,0.0008281753988318368,18,11,11,"[6934, 6942, 6964, 6978, 7016, 7018, 7100, 7135, 7225, 7289, 7985]",0,[],11,0,[],PASS,True,4270670611745,4270767352723,4270767862563,4271198239141,4275773129815,4275910842999,137708,T0_CLEAR_REFS_1_THEN_POST_WINDOW_SMAPS_REFERENCED,SMAPS_REFERENCED_WITH_VMA_AND_RESIDENCY_ASSISTED_CLASSIFICATION,MEASURED_REFERENCED_WINDOW_PROXY_NOT_DIRECT_PTE_GROUND_TRUTH,ANON_FILE_SPLIT_IS_VMA_CLASSIFICATION; MIXED_FILE_COW_CAN_BE_UNKNOWN,2803328204.8,1268081868.8,1499746304.0,35500032.0,2803328204.8,0.0,11.0,0.0,2074.2,2367166054.4,1256045772.8,1068784435.2,35618816.0,626,367,27,139,1,394,0.6293929712460063,0.5862619808306709,0.04313099041533546,,,,,,,,,0,PERCPU_ARRAY_NO_EVENT_STREAM,HANDLER_PATH_OBSERVATION_NOT_EXACT_TYPE,2564096,2564096,1503232,110592,550.0,654.0,7.0,0.0,400.02380000000005,437.194,3254.2,4700.0,13576049459.2,2147479552.0,0.0,0.0,0,0,True,0,runs/real_wss_18_single/real-wss-18-20260928-131357/operations/REP007/lightweight_features_v2.csv,runs/real_wss_18_single/real-wss-18-20260928-131357/operations/REP007/phase8_samples.csv,"PageFault Anon/File are handler-path counts, not an exact partition of Total. real_wss_* uses clear_refs=1 before the operation and post-window smaps Referenced. real_wss_anon/file are separately reported but the split is VMA/residency-assisted, not direct per-PTE page-type ground truth.",1,runs/real_wss_18_single/real-wss-18-20260928-131357/operations/REP007,0,runs/real_wss_18_single/real-wss-18-20260928-131357/operations/REP007_collector.stdout.log,runs/real_wss_18_single/real-wss-18-20260928-131357/operations/REP007_collector.stderr.log,2026-09-28T05:15:39.226978+00:00,1790572539226975264,2026-09-28T05:15:39.599608+00:00,1790572539599599703,372.624439,PASS,,not_required,"{""collector_exit"": true, ""marker_complete"": true, ""old_collector_quality"": true, ""old_metrics_retained"": true, ""operation_success"": true, ""ordering_ok"": true, ""postcondition"": true, ""real_clear_complete"": true, ""real_metrics_present"": true, ""real_quality_pass"": true, ""real_smaps_complete"": true}",,PASS
1790572551690539168,real-wss-18-20260928-131357-round1-REP008,REAL_WSS_18_SINGLE_RUN,Excel,REP008,Excel公式输入与计算,0,,,,,,4096,/sys/fs/cgroup/app-wss/real-wss-18-real-wss-18-20260928-131357-round1,,6.17.13-myks-l02-wspred-0903,phase8-handler-path-v1+real-wss-split-v1,4278275426101,4283280370486,5004.944385,10,10,PASS,PASS,436260864,131506176,294129664,10424320,45056,155648,0,0.00035677736153752265,137494,0,VMA_AND_RESIDENCY_ASSISTED_APPROXIMATION,436260864,131506176,294129664,10424320,45056,155648,0,0.00035677736153752265,18,11,11,"[6934, 6942, 6964, 6978, 7016, 7018, 7100, 7135, 7225, 7289, 7985]",0,[],11,0,[],PASS,True,4278181675821,4278275425610,4278275791662,4278776151109,4283281674775,4283419173263,137494,T0_CLEAR_REFS_1_THEN_POST_WINDOW_SMAPS_REFERENCED,SMAPS_REFERENCED_WITH_VMA_AND_RESIDENCY_ASSISTED_CLASSIFICATION,MEASURED_REFERENCED_WINDOW_PROXY_NOT_DIRECT_PTE_GROUND_TRUTH,ANON_FILE_SPLIT_IS_VMA_CLASSIFICATION; MIXED_FILE_COW_CAN_BE_UNKNOWN,3122142822.4,1504283443.2,1582338048.0,35521331.2,3122144051.2,0.0,11.4,0.0,2149.5,2518139699.2,1322819584.0,1149077913.6,35640115.2,23263,21231,1,2441,52,21232,0.9126939775609336,0.9126509908438293,4.2986717104414733e-05,,,,,,,,,0,PERCPU_ARRAY_NO_EVENT_STREAM,HANDLER_PATH_OBSERVATION_NOT_EXACT_TYPE,95285248,95285248,86962176,4096,23255.0,23250.0,0.0,0.0,468.30330000000004,628.581,3635.7,5371.0,13520563814.4,2147479552.0,0.0,0.0,0,0,True,0,runs/real_wss_18_single/real-wss-18-20260928-131357/operations/REP008/lightweight_features_v2.csv,runs/real_wss_18_single/real-wss-18-20260928-131357/operations/REP008/phase8_samples.csv,"PageFault Anon/File are handler-path counts, not an exact partition of Total. real_wss_* uses clear_refs=1 before the operation and post-window smaps Referenced. real_wss_anon/file are separately reported but the split is VMA/residency-assisted, not direct per-PTE page-type ground truth.",1,runs/real_wss_18_single/real-wss-18-20260928-131357/operations/REP008,0,runs/real_wss_18_single/real-wss-18-20260928-131357/operations/REP008_collector.stdout.log,runs/real_wss_18_single/real-wss-18-20260928-131357/operations/REP008_collector.stderr.log,2026-09-28T05:15:46.715113+00:00,1790572546715111547,2026-09-28T05:15:47.178384+00:00,1790572547178377665,463.266118,PASS,,not_required,"{""collector_exit"": true, ""marker_complete"": true, ""old_collector_quality"": true, ""old_metrics_retained"": true, ""operation_success"": true, ""ordering_ok"": true, ""postcondition"": true, ""real_clear_complete"": true, ""real_metrics_present"": true, ""real_quality_pass"": true, ""real_smaps_complete"": true}",,PASS
1790572559196850465,real-wss-18-20260928-131357-round1-REP009,REAL_WSS_18_SINGLE_RUN,Excel,REP009,Excel单元格格式修改,0,,,,,,4096,/sys/fs/cgroup/app-wss/real-wss-18-real-wss-18-20260928-131357-round1,,6.17.13-myks-l02-wspred-0903,phase8-handler-path-v1+real-wss-split-v1,4285781598164,4290786682093,5005.083929,10,10,PASS,PASS,265641984,50241536,204783616,10416128,45056,155648,0,0.0005859314768557067,137410,0,VMA_AND_RESIDENCY_ASSISTED_APPROXIMATION,265641984,50241536,204783616,10416128,45056,155648,0,0.0005859314768557067,18,11,11,"[6934, 6942, 6964, 6978, 7016, 7018, 7100, 7135, 7225, 7289, 7985]",0,[],11,0,[],PASS,True,4285684240565,4285781597734,4285782003449,4286171153190,4290787541875,4290924956316,137410,T0_CLEAR_REFS_1_THEN_POST_WINDOW_SMAPS_REFERENCED,SMAPS_REFERENCED_WITH_VMA_AND_RESIDENCY_ASSISTED_CLASSIFICATION,MEASURED_REFERENCED_WINDOW_PROXY_NOT_DIRECT_PTE_GROUND_TRUTH,ANON_FILE_SPLIT_IS_VMA_CLASSIFICATION; MIXED_FILE_COW_CAN_BE_UNKNOWN,3102768332.8,1475054387.2,1592213913.6,35500032.0,3102768332.8,0.0,11.3,0.0,2385.0,2817225113.6,1335936614.4,1426812928.0,35618816.0,8882,3111,0,7534,0,3111,0.35025895068678226,0.35025895068678226,0.0,,,,,,,,,0,PERCPU_ARRAY_NO_EVENT_STREAM,HANDLER_PATH_OBSERVATION_NOT_EXACT_TYPE,36380672,36380672,12742656,0,8900.0,5357.0,0.0,0.0,442.5706,630.876,3645.1,4850.0,13474435072.0,2147479552.0,0.0,0.0,0,0,True,0,runs/real_wss_18_single/real-wss-18-20260928-131357/operations/REP009/lightweight_features_v2.csv,runs/real_wss_18_single/real-wss-18-20260928-131357/operations/REP009/phase8_samples.csv,"PageFault Anon/File are handler-path counts, not an exact partition of Total. real_wss_* uses clear_refs=1 before the operation and post-window smaps Referenced. real_wss_anon/file are separately reported but the split is VMA/residency-assisted, not direct per-PTE page-type ground truth.",1,runs/real_wss_18_single/real-wss-18-20260928-131357/operations/REP009,0,runs/real_wss_18_single/real-wss-18-20260928-131357/operations/REP009_collector.stdout.log,runs/real_wss_18_single/real-wss-18-20260928-131357/operations/REP009_collector.stderr.log,2026-09-28T05:15:54.223705+00:00,1790572554223703636,2026-09-28T05:15:54.574856+00:00,1790572554574848724,351.145088,PASS,,not_required,"{""collector_exit"": true, ""marker_complete"": true, ""old_collector_quality"": true, ""old_metrics_retained"": true, ""operation_success"": true, ""ordering_ok"": true, ""postcondition"": true, ""real_clear_complete"": true, ""real_metrics_present"": true, ""real_quality_pass"": true, ""real_smaps_complete"": true}",,PASS
1790572566706636329,real-wss-18-20260928-131357-round1-REP010,REAL_WSS_18_SINGLE_RUN,Excel,REP010,Excel筛选开关,0,,,,,,4096,/sys/fs/cgroup/app-wss/real-wss-18-real-wss-18-20260928-131357-round1,,6.17.13-myks-l02-wspred-0903,phase8-handler-path-v1+real-wss-split-v1,4293290664080,4298296467767,5005.803687,10,10,PASS,PASS,258744320,46526464,201502720,10514432,45056,155648,0,0.0006015513693208802,140732,0,VMA_AND_RESIDENCY_ASSISTED_APPROXIMATION,258744320,46526464,201502720,10514432,45056,155648,0,0.0006015513693208802,18,11,11,"[6934, 6942, 6964, 6978, 7016, 7018, 7100, 7135, 7225, 7289, 7985]",0,[],11,0,[],PASS,True,4293190619119,4293290663699,4293291116848,4293448102515,4298297334412,4298438070749,140732,T0_CLEAR_REFS_1_THEN_POST_WINDOW_SMAPS_REFERENCED,SMAPS_REFERENCED_WITH_VMA_AND_RESIDENCY_ASSISTED_CLASSIFICATION,MEASURED_REFERENCED_WINDOW_PROXY_NOT_DIRECT_PTE_GROUND_TRUTH,ANON_FILE_SPLIT_IS_VMA_CLASSIFICATION; MIXED_FILE_COW_CAN_BE_UNKNOWN,3056335667.2,1432367513.6,1588468121.6,35500032.0,3056335667.2,0.0,11.2,0.0,2346.8,3037104128.0,1335561830.4,1641036595.2,35618816.0,8538,3109,0,7349,0,3109,0.3641368001873975,0.3641368001873975,0.0,,,,,,,,,0,PERCPU_ARRAY_NO_EVENT_STREAM,HANDLER_PATH_OBSERVATION_NOT_EXACT_TYPE,34971648,34971648,12734464,0,8544.0,5040.0,0.0,0.0,448.1139,567.066,3658.3,6440.0,13476165222.4,2147479552.0,0.0,0.0,0,0,True,0,runs/real_wss_18_single/real-wss-18-20260928-131357/operations/REP010/lightweight_features_v2.csv,runs/real_wss_18_single/real-wss-18-20260928-131357/operations/REP010/phase8_samples.csv,"PageFault Anon/File are handler-path counts, not an exact partition of Total. real_wss_* uses clear_refs=1 before the operation and post-window smaps Referenced. real_wss_anon/file are separately reported but the split is VMA/residency-assisted, not direct per-PTE page-type ground truth.",1,runs/real_wss_18_single/real-wss-18-20260928-131357/operations/REP010,0,runs/real_wss_18_single/real-wss-18-20260928-131357/operations/REP010_collector.stdout.log,runs/real_wss_18_single/real-wss-18-20260928-131357/operations/REP010_collector.stderr.log,2026-09-28T05:16:01.740520+00:00,1790572561740517561,2026-09-28T05:16:01.851237+00:00,1790572561851211539,110.693978,PASS,,not_required,"{""collector_exit"": true, ""marker_complete"": true, ""old_collector_quality"": true, ""old_metrics_retained"": true, ""operation_success"": true, ""ordering_ok"": true, ""postcondition"": true, ""real_clear_complete"": true, ""real_metrics_present"": true, ""real_quality_pass"": true, ""real_smaps_complete"": true}",,PASS
1790572574167580976,real-wss-18-20260928-131357-round1-REP011,REAL_WSS_18_SINGLE_RUN,Excel,REP011,保存Excel工作簿,0,,,,,,4096,/sys/fs/cgroup/app-wss/real-wss-18-real-wss-18-20260928-131357-round1,,6.17.13-myks-l02-wspred-0903,phase8-handler-path-v1+real-wss-split-v1,4300751533598,4305757409439,5005.875841,10,10,PASS,PASS,397631488,295374848,91521024,10506240,45056,184320,0,0.00046354477842559593,166982,0,VMA_AND_RESIDENCY_ASSISTED_APPROXIMATION,397631488,295374848,91521024,10506240,45056,184320,0,0.00046354477842559593,18,11,11,"[6934, 6942, 6964, 6978, 7016, 7018, 7100, 7135, 7225, 7289, 7985]",0,[],11,0,[],PASS,True,4300653728056,4300751533197,4300752099182,4300849170925,4305759317725,4305926305294,166982,T0_CLEAR_REFS_1_THEN_POST_WINDOW_SMAPS_REFERENCED,SMAPS_REFERENCED_WITH_VMA_AND_RESIDENCY_ASSISTED_CLASSIFICATION,MEASURED_REFERENCED_WINDOW_PROXY_NOT_DIRECT_PTE_GROUND_TRUTH,ANON_FILE_SPLIT_IS_VMA_CLASSIFICATION; MIXED_FILE_COW_CAN_BE_UNKNOWN,2965142732.8,1346489958.4,1583152742.4,35500032.0,2965142732.8,0.0,11.0,0.0,1997.8,3173218713.6,1334541926.4,1774551449.6,35618816.0,5130,337,0,4782,0,337,0.06569200779727095,0.06569200779727095,0.0,,,,,,,,,0,PERCPU_ARRAY_NO_EVENT_STREAM,HANDLER_PATH_OBSERVATION_NOT_EXACT_TYPE,21012480,21012480,1380352,0,5175.0,5168.0,0.0,0.0,391.0618,475.015,3024.4,4390.0,13301781299.2,2147479552.0,0.0,0.0,0,0,True,0,runs/real_wss_18_single/real-wss-18-20260928-131357/operations/REP011/lightweight_features_v2.csv,runs/real_wss_18_single/real-wss-18-20260928-131357/operations/REP011/phase8_samples.csv,"PageFault Anon/File are handler-path counts, not an exact partition of Total. real_wss_* uses clear_refs=1 before the operation and post-window smaps Referenced. real_wss_anon/file are separately reported but the split is VMA/residency-assisted, not direct per-PTE page-type ground truth.",1,runs/real_wss_18_single/real-wss-18-20260928-131357/operations/REP011,0,runs/real_wss_18_single/real-wss-18-20260928-131357/operations/REP011_collector.stdout.log,runs/real_wss_18_single/real-wss-18-20260928-131357/operations/REP011_collector.stderr.log,2026-09-28T05:16:09.191592+00:00,1790572569191590804,2026-09-28T05:16:09.246286+00:00,1790572569246272895,54.682091,PASS,,not_required,"{""collector_exit"": true, ""marker_complete"": true, ""old_collector_quality"": true, ""old_metrics_retained"": true, ""operation_success"": true, ""ordering_ok"": true, ""postcondition"": true, ""real_clear_complete"": true, ""real_metrics_present"": true, ""real_quality_pass"": true, ""real_smaps_complete"": true}",,PASS
1790572581659120036,real-wss-18-20260928-131357-round1-REP012,REAL_WSS_18_SINGLE_RUN,Word,REP012,打开大型Word文档,0,,,,,,4096,/sys/fs/cgroup/app-wss/real-wss-18-real-wss-18-20260928-131357-round1,,6.17.13-myks-l02-wspred-0903,phase8-handler-path-v1+real-wss-split-v1,4308243606652,4313248948679,5005.342027,10,10,PASS,PASS,489877504,176521216,278749184,34140160,45056,421888,0,0.0008612112141405864,153533,0,VMA_AND_RESIDENCY_ASSISTED_APPROXIMATION,489877504,176521216,278749184,34140160,45056,421888,0,0.0008612112141405864,18,11,11,"[6934, 6942, 6964, 6978, 7016, 7018, 7100, 7135, 7225, 7289, 7985]",0,[],11,0,[],PASS,True,4308149586738,4308243606221,4308244239006,4309323782788,4313251512729,4313405050254,153533,T0_CLEAR_REFS_1_THEN_POST_WINDOW_SMAPS_REFERENCED,SMAPS_REFERENCED_WITH_VMA_AND_RESIDENCY_ASSISTED_CLASSIFICATION,MEASURED_REFERENCED_WINDOW_PROXY_NOT_DIRECT_PTE_GROUND_TRUTH,ANON_FILE_SPLIT_IS_VMA_CLASSIFICATION; MIXED_FILE_COW_CAN_BE_UNKNOWN,3066073907.2,1385432678.4,1637646336.0,42994892.8,3066093568.0,0.0,12.1,0.0,2650.6,3196984524.8,1373473177.6,1759281971.2,43103846.4,88944,49348,3407,23335,3456,52755,0.5931260118726389,0.5548210109731966,0.038305000899442346,,,,,,,,,0,PERCPU_ARRAY_NO_EVENT_STREAM,HANDLER_PATH_OBSERVATION_NOT_EXACT_TYPE,364314624,364314624,202129408,13955072,90768.0,22977.0,0.0,0.0,530.9623,897.894,4038.2,8110.0,13283724083.2,2147479552.0,0.0,0.0,0,0,True,0,runs/real_wss_18_single/real-wss-18-20260928-131357/operations/REP012/lightweight_features_v2.csv,runs/real_wss_18_single/real-wss-18-20260928-131357/operations/REP012/phase8_samples.csv,"PageFault Anon/File are handler-path counts, not an exact partition of Total. real_wss_* uses clear_refs=1 before the operation and post-window smaps Referenced. real_wss_anon/file are separately reported but the split is VMA/residency-assisted, not direct per-PTE page-type ground truth.",1,runs/real_wss_18_single/real-wss-18-20260928-131357/operations/REP012,0,runs/real_wss_18_single/real-wss-18-20260928-131357/operations/REP012_collector.stdout.log,runs/real_wss_18_single/real-wss-18-20260928-131357/operations/REP012_collector.stderr.log,2026-09-28T05:16:16.683068+00:00,1790572576683067417,2026-09-28T05:16:17.722948+00:00,1790572577722938225,1039.870808,PASS,,phase9_word.docx - WPS Office,"{""collector_exit"": true, ""marker_complete"": true, ""old_collector_quality"": true, ""old_metrics_retained"": true, ""operation_success"": true, ""ordering_ok"": true, ""postcondition"": true, ""real_clear_complete"": true, ""real_metrics_present"": true, ""real_quality_pass"": true, ""real_smaps_complete"": true}",,PASS
1790572592382146793,real-wss-18-20260928-131357-round1-REP013,REAL_WSS_18_SINGLE_RUN,Word,REP013,Word代表性翻页浏览,0,,,,,,4096,/sys/fs/cgroup/app-wss/real-wss-18-real-wss-18-20260928-131357-round1,,6.17.13-myks-l02-wspred-0903,phase8-handler-path-v1+real-wss-split-v1,4318966279757,4323971974173,5005.694416,10,10,PASS,PASS,197140480,97583104,88059904,11149312,45056,303104,0,0.0015375025971327654,152159,0,VMA_AND_RESIDENCY_ASSISTED_APPROXIMATION,197140480,97583104,88059904,11149312,45056,303104,0,0.0015375025971327654,18,11,11,"[6934, 6942, 6964, 6978, 7016, 7018, 7100, 7135, 7225, 7289, 7985]",0,[],11,0,[],PASS,True,4318870159817,4318966279306,4318966695673,4319542161749,4323973347965,4324125511639,152159,T0_CLEAR_REFS_1_THEN_POST_WINDOW_SMAPS_REFERENCED,SMAPS_REFERENCED_WITH_VMA_AND_RESIDENCY_ASSISTED_CLASSIFICATION,MEASURED_REFERENCED_WINDOW_PROXY_NOT_DIRECT_PTE_GROUND_TRUTH,ANON_FILE_SPLIT_IS_VMA_CLASSIFICATION; MIXED_FILE_COW_CAN_BE_UNKNOWN,3154248499.2,1436900556.8,1670186598.4,47161344.0,3154248499.2,0.0,11.0,0.0,2106.6,3252843315.2,1424952115.2,1763442688.0,47263744.0,5961,5937,0,51,0,5937,0.995973829894313,0.995973829894313,0.0,,,,,,,,,0,PERCPU_ARRAY_NO_EVENT_STREAM,HANDLER_PATH_OBSERVATION_NOT_EXACT_TYPE,24416256,24416256,24317952,0,5994.0,5994.0,0.0,0.0,433.9791,587.435,3238.2,4082.0,13367330406.4,2147479552.0,0.0,0.0,0,0,True,0,runs/real_wss_18_single/real-wss-18-20260928-131357/operations/REP013/lightweight_features_v2.csv,runs/real_wss_18_single/real-wss-18-20260928-131357/operations/REP013/phase8_samples.csv,"PageFault Anon/File are handler-path counts, not an exact partition of Total. real_wss_* uses clear_refs=1 before the operation and post-window smaps Referenced. real_wss_anon/file are separately reported but the split is VMA/residency-assisted, not direct per-PTE page-type ground truth.",1,runs/real_wss_18_single/real-wss-18-20260928-131357/operations/REP013,0,runs/real_wss_18_single/real-wss-18-20260928-131357/operations/REP013_collector.stdout.log,runs/real_wss_18_single/real-wss-18-20260928-131357/operations/REP013_collector.stderr.log,2026-09-28T05:16:27.407274+00:00,1790572587407272907,2026-09-28T05:16:27.946328+00:00,1790572587946319348,539.046441,PASS,,not_required,"{""collector_exit"": true, ""marker_complete"": true, ""old_collector_quality"": true, ""old_metrics_retained"": true, ""operation_success"": true, ""ordering_ok"": true, ""postcondition"": true, ""real_clear_complete"": true, ""real_metrics_present"": true, ""real_quality_pass"": true, ""real_smaps_complete"": true}",,PASS
1790572599865045531,real-wss-18-20260928-131357-round1-REP014,REAL_WSS_18_SINGLE_RUN,Word,REP014,Word段落复制粘贴,0,,,,,,4096,/sys/fs/cgroup/app-wss/real-wss-18-real-wss-18-20260928-131357-round1,,6.17.13-myks-l02-wspred-0903,phase8-handler-path-v1+real-wss-split-v1,4326449326849,4331454876407,5005.549558,10,10,PASS,PASS,299065344,67190784,219971584,11526144,45056,331776,0,0.0011093762840003287,147977,0,VMA_AND_RESIDENCY_ASSISTED_APPROXIMATION,299065344,67190784,219971584,11526144,45056,331776,0,0.0011093762840003287,18,11,11,"[6934, 6942, 6964, 6978, 7016, 7018, 7100, 7135, 7225, 7289, 7985]",0,[],11,0,[],PASS,True,4326346255452,4326449326428,4326449753354,4327376342445,4331455957033,4331603939454,147977,T0_CLEAR_REFS_1_THEN_POST_WINDOW_SMAPS_REFERENCED,SMAPS_REFERENCED_WITH_VMA_AND_RESIDENCY_ASSISTED_CLASSIFICATION,MEASURED_REFERENCED_WINDOW_PROXY_NOT_DIRECT_PTE_GROUND_TRUTH,ANON_FILE_SPLIT_IS_VMA_CLASSIFICATION; MIXED_FILE_COW_CAN_BE_UNKNOWN,3161325977.6,1439747686.4,1674416947.2,47161344.0,3161325977.6,0.0,11.0,0.0,2185.6,3267934208.0,1427799654.4,1775379251.2,47263744.0,1853,901,24,1092,0,925,0.4991905018888289,0.48623853211009177,0.012951969778737183,,,,,,,,,0,PERCPU_ARRAY_NO_EVENT_STREAM,HANDLER_PATH_OBSERVATION_NOT_EXACT_TYPE,7589888,7589888,3690496,98304,1858.0,603.0,5.0,0.0,426.6888,553.142,3247.2,4845.0,13384648294.4,2147479552.0,0.0,0.0,0,0,True,0,runs/real_wss_18_single/real-wss-18-20260928-131357/operations/REP014/lightweight_features_v2.csv,runs/real_wss_18_single/real-wss-18-20260928-131357/operations/REP014/phase8_samples.csv,"PageFault Anon/File are handler-path counts, not an exact partition of Total. real_wss_* uses clear_refs=1 before the operation and post-window smaps Referenced. real_wss_anon/file are separately reported but the split is VMA/residency-assisted, not direct per-PTE page-type ground truth.",1,runs/real_wss_18_single/real-wss-18-20260928-131357/operations/REP014,0,runs/real_wss_18_single/real-wss-18-20260928-131357/operations/REP014_collector.stdout.log,runs/real_wss_18_single/real-wss-18-20260928-131357/operations/REP014_collector.stderr.log,2026-09-28T05:16:34.894274+00:00,1790572594894271580,2026-09-28T05:16:35.780301+00:00,1790572595780292074,886.020494,PASS,,not_required,"{""collector_exit"": true, ""marker_complete"": true, ""old_collector_quality"": true, ""old_metrics_retained"": true, ""operation_success"": true, ""ordering_ok"": true, ""postcondition"": true, ""real_clear_complete"": true, ""real_metrics_present"": true, ""real_quality_pass"": true, ""real_smaps_complete"": true}",,PASS
1790572607345522975,real-wss-18-20260928-131357-round1-REP015,REAL_WSS_18_SINGLE_RUN,Word,REP015,Word插入固定图片,0,,,,,,4096,/sys/fs/cgroup/app-wss/real-wss-18-real-wss-18-20260928-131357-round1,,6.17.13-myks-l02-wspred-0903,phase8-handler-path-v1+real-wss-split-v1,4333932304645,4338935353661,5003.049016,10,10,PASS,PASS,245465088,64540672,169365504,11149312,69632,339968,0,0.0013849953277266052,147279,0,VMA_AND_RESIDENCY_ASSISTED_APPROXIMATION,245465088,64540672,169365504,11149312,69632,339968,0,0.0013849953277266052,18,11,11,"[6934, 6942, 6964, 6978, 7016, 7018, 7100, 7135, 7225, 7289, 7985]",0,[],11,0,[],PASS,True,4333822476177,4333932304034,4333932715882,4335071127951,4338936409751,4339083692935,147279,T0_CLEAR_REFS_1_THEN_POST_WINDOW_SMAPS_REFERENCED,SMAPS_REFERENCED_WITH_VMA_AND_RESIDENCY_ASSISTED_CLASSIFICATION,MEASURED_REFERENCED_WINDOW_PROXY_NOT_DIRECT_PTE_GROUND_TRUTH,ANON_FILE_SPLIT_IS_VMA_CLASSIFICATION; MIXED_FILE_COW_CAN_BE_UNKNOWN,3170407219.2,1447417446.4,1675828428.8,47161344.0,3170407219.2,0.0,11.0,0.0,2361.3,3290200883.2,1435469414.4,1789661184.0,47263744.0,5852,2054,0,3794,0,2054,0.3509911141490089,0.3509911141490089,0.0,,,,,,,,,0,PERCPU_ARRAY_NO_EVENT_STREAM,HANDLER_PATH_OBSERVATION_NOT_EXACT_TYPE,23969792,23969792,8413184,0,5846.0,5855.0,0.0,0.0,441.0039,770.578,3421.2,5355.0,13377458176.0,2147479552.0,0.0,0.0,0,0,True,0,runs/real_wss_18_single/real-wss-18-20260928-131357/operations/REP015/lightweight_features_v2.csv,runs/real_wss_18_single/real-wss-18-20260928-131357/operations/REP015/phase8_samples.csv,"PageFault Anon/File are handler-path counts, not an exact partition of Total. real_wss_* uses clear_refs=1 before the operation and post-window smaps Referenced. real_wss_anon/file are separately reported but the split is VMA/residency-assisted, not direct per-PTE page-type ground truth.",1,runs/real_wss_18_single/real-wss-18-20260928-131357/operations/REP015,0,runs/real_wss_18_single/real-wss-18-20260928-131357/operations/REP015_collector.stdout.log,runs/real_wss_18_single/real-wss-18-20260928-131357/operations/REP015_collector.stderr.log,2026-09-28T05:16:42.372310+00:00,1790572602372309351,2026-09-28T05:16:43.471865+00:00,1790572603471854614,1099.545263,PASS,,not_required,"{""collector_exit"": true, ""marker_complete"": true, ""old_collector_quality"": true, ""old_metrics_retained"": true, ""operation_success"": true, ""ordering_ok"": true, ""postcondition"": true, ""real_clear_complete"": true, ""real_metrics_present"": true, ""real_quality_pass"": true, ""real_smaps_complete"": true}",,PASS
1790572614821735173,real-wss-18-20260928-131357-round1-REP016,REAL_WSS_18_SINGLE_RUN,Word,REP016,Word查找并定位末页文本,0,,,,,,4096,/sys/fs/cgroup/app-wss/real-wss-18-real-wss-18-20260928-131357-round1,,6.17.13-myks-l02-wspred-0903,phase8-handler-path-v1+real-wss-split-v1,4341406193958,4346411566360,5005.372402,10,10,PASS,PASS,308891648,64753664,221016064,22773760,45056,303104,0,0.000981263177436251,145758,0,VMA_AND_RESIDENCY_ASSISTED_APPROXIMATION,308891648,64753664,221016064,22773760,45056,303104,0,0.000981263177436251,18,11,11,"[6934, 6942, 6964, 6978, 7016, 7018, 7100, 7135, 7225, 7289, 7985]",0,[],11,0,[],PASS,True,4341310588045,4341406193517,4341406646041,4342128489650,4346412374227,4346558136634,145758,T0_CLEAR_REFS_1_THEN_POST_WINDOW_SMAPS_REFERENCED,SMAPS_REFERENCED_WITH_VMA_AND_RESIDENCY_ASSISTED_CLASSIFICATION,MEASURED_REFERENCED_WINDOW_PROXY_NOT_DIRECT_PTE_GROUND_TRUTH,ANON_FILE_SPLIT_IS_VMA_CLASSIFICATION; MIXED_FILE_COW_CAN_BE_UNKNOWN,3174807961.6,1448611840.0,1678966784.0,47229337.6,3174807961.6,0.0,11.0,0.0,2154.4,3312331161.6,1436663808.0,1810059673.6,47331737.6,4634,1746,0,3748,166,1746,0.3767803193785067,0.3767803193785067,0.0,,,,,,,,,0,PERCPU_ARRAY_NO_EVENT_STREAM,HANDLER_PATH_OBSERVATION_NOT_EXACT_TYPE,18980864,18980864,7151616,0,4598.0,3379.0,0.0,0.0,404.3356,564.073,3505.2,5018.0,13368875417.6,2147479552.0,0.0,0.0,0,0,True,0,runs/real_wss_18_single/real-wss-18-20260928-131357/operations/REP016/lightweight_features_v2.csv,runs/real_wss_18_single/real-wss-18-20260928-131357/operations/REP016/phase8_samples.csv,"PageFault Anon/File are handler-path counts, not an exact partition of Total. real_wss_* uses clear_refs=1 before the operation and post-window smaps Referenced. real_wss_anon/file are separately reported but the split is VMA/residency-assisted, not direct per-PTE page-type ground truth.",1,runs/real_wss_18_single/real-wss-18-20260928-131357/operations/REP016,0,runs/real_wss_18_single/real-wss-18-20260928-131357/operations/REP016_collector.stdout.log,runs/real_wss_18_single/real-wss-18-20260928-131357/operations/REP016_collector.stderr.log,2026-09-28T05:16:49.847291+00:00,1790572609847289433,2026-09-28T05:16:50.531077+00:00,1790572610531062690,683.773257,PASS,,not_required,"{""collector_exit"": true, ""marker_complete"": true, ""old_collector_quality"": true, ""old_metrics_retained"": true, ""operation_success"": true, ""ordering_ok"": true, ""postcondition"": true, ""real_clear_complete"": true, ""real_metrics_present"": true, ""real_quality_pass"": true, ""real_smaps_complete"": true}",,PASS
1790572622337512098,real-wss-18-20260928-131357-round1-REP017,REAL_WSS_18_SINGLE_RUN,Word,REP017,保存Word文档,0,,,,,,4096,/sys/fs/cgroup/app-wss/real-wss-18-real-wss-18-20260928-131357-round1,,6.17.13-myks-l02-wspred-0903,phase8-handler-path-v1+real-wss-split-v1,4348921867665,4353927343245,5005.47558,10,10,PASS,PASS,182153216,82636800,98426880,737280,45056,307200,0,0.001686492320838299,148136,0,VMA_AND_RESIDENCY_ASSISTED_APPROXIMATION,182153216,82636800,98426880,737280,45056,307200,0,0.001686492320838299,18,11,11,"[6934, 6942, 6964, 6978, 7016, 7018, 7100, 7135, 7225, 7289, 7985]",0,[],11,0,[],PASS,True,4348824205905,4348921867274,4348922686763,4349016221558,4353928201697,4354076341953,148136,T0_CLEAR_REFS_1_THEN_POST_WINDOW_SMAPS_REFERENCED,SMAPS_REFERENCED_WITH_VMA_AND_RESIDENCY_ASSISTED_CLASSIFICATION,MEASURED_REFERENCED_WINDOW_PROXY_NOT_DIRECT_PTE_GROUND_TRUTH,ANON_FILE_SPLIT_IS_VMA_CLASSIFICATION; MIXED_FILE_COW_CAN_BE_UNKNOWN,3175645593.6,1448797388.8,1679686860.8,47161344.0,3175645593.6,0.0,11.0,0.0,2224.2,3335689011.2,1436849356.8,1832581120.0,47263744.0,1365,37,0,1373,0,37,0.027106227106227107,0.027106227106227107,0.0,,,,,,,,,0,PERCPU_ARRAY_NO_EVENT_STREAM,HANDLER_PATH_OBSERVATION_NOT_EXACT_TYPE,5591040,5591040,151552,0,1417.0,1417.0,0.0,0.0,424.8149,610.659,3565.8,4968.0,13384797388.8,2147479552.0,0.0,0.0,0,0,True,0,runs/real_wss_18_single/real-wss-18-20260928-131357/operations/REP017/lightweight_features_v2.csv,runs/real_wss_18_single/real-wss-18-20260928-131357/operations/REP017/phase8_samples.csv,"PageFault Anon/File are handler-path counts, not an exact partition of Total. real_wss_* uses clear_refs=1 before the operation and post-window smaps Referenced. real_wss_anon/file are separately reported but the split is VMA/residency-assisted, not direct per-PTE page-type ground truth.",1,runs/real_wss_18_single/real-wss-18-20260928-131357/operations/REP017,0,runs/real_wss_18_single/real-wss-18-20260928-131357/operations/REP017_collector.stdout.log,runs/real_wss_18_single/real-wss-18-20260928-131357/operations/REP017_collector.stderr.log,2026-09-28T05:16:57.361482+00:00,1790572617361481296,2026-09-28T05:16:57.416249+00:00,1790572617416238185,54.756889,PASS,,not_required,"{""collector_exit"": true, ""marker_complete"": true, ""old_collector_quality"": true, ""old_metrics_retained"": true, ""operation_success"": true, ""ordering_ok"": true, ""postcondition"": true, ""real_clear_complete"": true, ""real_metrics_present"": true, ""real_quality_pass"": true, ""real_smaps_complete"": true}",,PASS
1790572629856607097,real-wss-18-20260928-131357-round1-REP018,REAL_WSS_18_SINGLE_RUN,Word,REP018,新建空白Word文档,0,,,,,,4096,/sys/fs/cgroup/app-wss/real-wss-18-real-wss-18-20260928-131357-round1,,6.17.13-myks-l02-wspred-0903,phase8-handler-path-v1+real-wss-split-v1,4356440796458,4361446435880,5005.639422,10,10,PASS,PASS,201342976,81371136,107810816,11784192,45056,331776,0,0.0016478151192123036,145369,0,VMA_AND_RESIDENCY_ASSISTED_APPROXIMATION,201342976,81371136,107810816,11784192,45056,331776,0,0.0016478151192123036,18,11,11,"[6934, 6942, 6964, 6978, 7016, 7018, 7100, 7135, 7225, 7289, 7985]",0,[],11,0,[],PASS,True,4356340631485,4356440796097,4356443049878,4356741714266,4361447517108,4361592891586,145369,T0_CLEAR_REFS_1_THEN_POST_WINDOW_SMAPS_REFERENCED,SMAPS_REFERENCED_WITH_VMA_AND_RESIDENCY_ASSISTED_CLASSIFICATION,MEASURED_REFERENCED_WINDOW_PROXY_NOT_DIRECT_PTE_GROUND_TRUTH,ANON_FILE_SPLIT_IS_VMA_CLASSIFICATION; MIXED_FILE_COW_CAN_BE_UNKNOWN,3182172569.6,1453011353.6,1681999872.0,47161344.0,3182172569.6,0.0,11.0,0.0,1952.4,3342411776.0,1441063321.6,1834946969.6,47263744.0,4366,1139,0,3236,0,1139,0.260879523591388,0.260879523591388,0.0,,,,,,,,,0,PERCPU_ARRAY_NO_EVENT_STREAM,HANDLER_PATH_OBSERVATION_NOT_EXACT_TYPE,17883136,17883136,4665344,0,4466.0,4413.0,0.0,0.0,463.8035,776.87,3267.5,5398.0,13387915264.0,2147479552.0,0.0,0.0,0,0,True,0,runs/real_wss_18_single/real-wss-18-20260928-131357/operations/REP018/lightweight_features_v2.csv,runs/real_wss_18_single/real-wss-18-20260928-131357/operations/REP018/phase8_samples.csv,"PageFault Anon/File are handler-path counts, not an exact partition of Total. real_wss_* uses clear_refs=1 before the operation and post-window smaps Referenced. real_wss_anon/file are separately reported but the split is VMA/residency-assisted, not direct per-PTE page-type ground truth.",1,runs/real_wss_18_single/real-wss-18-20260928-131357/operations/REP018,0,runs/real_wss_18_single/real-wss-18-20260928-131357/operations/REP018_collector.stdout.log,runs/real_wss_18_single/real-wss-18-20260928-131357/operations/REP018_collector.stderr.log,2026-09-28T05:17:04.881748+00:00,1790572624881747476,2026-09-28T05:17:05.146002+00:00,1790572625145987284,264.239808,PASS,,not_required,"{""collector_exit"": true, ""marker_complete"": true, ""old_collector_quality"": true, ""old_metrics_retained"": true, ""operation_success"": true, ""ordering_ok"": true, ""postcondition"": true, ""real_clear_complete"": true, ""real_metrics_present"": true, ""real_quality_pass"": true, ""real_smaps_complete"": true}",,PASS
